epoch,train_loss,val_loss,train_acc,val_acc,lr
1,0.14652996095127344,0.021489703213872897,0.911983204134367,0.9942667958656332,4.9951654846492654e-05
